{
  "project_info": {
    "project_number": "1055920553689",
    "project_id": "platter-riyadh",
    "storage_bucket": "platter-riyadh.appspot.com"
  },
  "client": [
    {
      "client_info": {
        "mobilesdk_app_id": "1:1055920553689:android:52a3557ad66458e425c8c8",
        "android_client_info": {
          "package_name": "com.mad.customer"
        }
      },
      "oauth_client": [
        {
          "client_id": "1055920553689-egfv4i67psk99fqgo9cpeqogv8cpfuvb.apps.googleusercontent.com",
          "client_type": 3
        }
      ],
      "api_key": [
        {
          "current_key": "AIzaSyAEGe53fsmj8fwXVPmjchbq6kV5spaoc1A"
        }
      ],
      "services": {
        "appinvite_service": {
          "other_platform_oauth_client": [
            {
              "client_id": "1055920553689-egfv4i67psk99fqgo9cpeqogv8cpfuvb.apps.googleusercontent.com",
              "client_type": 3
            }
          ]
        }
      }
    }
  ],
  "configuration_version": "1"
}